File.Name	Precursors.Identified	Proteins.Identified	Total.Quantity	MS1.Signal	MS2.Signal	FWHM.Scans	FWHM.RT	Median.Mass.Acc.MS1	Median.Mass.Acc.MS1.Corrected	Median.Mass.Acc.MS2	Median.Mass.Acc.MS2.Corrected	MS2.Mass.Instability	Normalisation.Instability	Median.RT.Prediction.Acc	Average.Peptide.Length	Average.Peptide.Charge	Average.Missed.Tryptic.Cleavages
/metaEx/DIAraw/N20210503liangs_GNHSF_b14_27_Slot2-53_1_5291.d	1417	641	1.82011e+08	37219685311	3021587617104	4.19	0.103	3.18671	2.0612	2.93351	2.77279	0	0.128955	0.338934	14.255	2.352	0.288
/metaEx/DIAraw/N20210503liangs_GNHSF_b14_1_Slot2-1_1_5259.d	1891	835	3.09266e+08	62795064466	5912491623180	4.542	0.112	3.54235	2.58848	2.53424	2.33913	0	0.405008	0.308704	14.751	2.426	0.322
/metaEx/DIAraw/N20210503liangs_GNHSF_b14_2_Slot2-2_1_5260.d	1663	718	3.54979e+08	65802788109	6332444168176	4.654	0.115	3.75726	2.25152	2.79834	2.33672	0	0.331369	0.308433	14.652	2.404	0.3
/metaEx/DIAraw/N20210503liangs_GNHSF_b14_10_Slot2-10_1_5270.d	1866	830	3.78815e+08	60273118248	5667725595112	4.567	0.114	3.70584	2.33481	2.8142	2.36505	0	0.112334	0.3174	14.661	2.418	0.314
/metaEx/DIAraw/N20210503liangs_GNHSF_b14_20_Slot2-20_1_5283.d	1817	793	3.37505e+08	58188531394	5344233607160	4.47	0.11	3.19695	2.30908	2.30956	2.17992	0	0.0567501	0.302934	14.751	2.423	0.307
/metaEx/DIAraw/N20210503liangs_GNHSF_b14_21_Slot2-21_1_5284.d	1653	684	5.28149e+08	46692089987	3980581555132	4.63	0.114	3.38708	2.41102	2.62373	2.54949	0	0.132785	0.284809	14.721	2.421	0.308
/metaEx/DIAraw/N20210503liangs_GNHSF_b14_24_Slot2-24_1_5288.d	2081	914	4.09878e+08	53622419284	4865983782128	4.474	0.11	3.34306	2.16476	2.59577	2.2313	0	0.103319	0.291742	14.78	2.412	0.309
